Authorised on;Processed on;Amount;Currency;Description;Payment type;Status;Assunto;Amount in foreign currency;Currency;Exchange rate
19.11.23;;-40;EUR;5005 Bowling GmbH & Co;contactless;Authorised;Bowling;;;
19.11.23;;-41;EUR;5005 Bowling GmbH & Co;contactless;Authorised;Bowling;;;
19.11.23;;-11,99;EUR;EPC*FORTNITE;e-commerce;Authorised;VideoGame;;;
18.11.23;;-9,96;EUR;Naturkostinsel Olching;contactless;Authorised;0;;;
18.11.23;;-27,48;EUR;TEBEX.ORG;e-commerce;Authorised;VideoGame;-29,74;USD;1.082.241.630.276.560
18.11.23;;-11,65;EUR;DM-Drogerie Markt;contactless;Authorised;DM;;;
16.11.23;;-2,99;EUR;APPLE.COM/BILL;e-commerce;Authorised;Apple iCloud;;;
15.11.23;16.11.23;-126,51;EUR;Rosen-Apotheke Leiss;contactless;Processed;farmacia;;;
15.11.23;17.11.23;-72,93;EUR;Aral Station 191474105;contactless;Processed;gasolina;;;
14.11.23;15.11.23;-8,99;EUR;AMZNPrime DE*HB2NB4QQ4;e-commerce;Processed;amazon;;;
12.11.23;13.11.23;-8,2;EUR;Jaeger Parkhaus-Betrei;contactless;Processed;estacionamento;;;
12.11.23;13.11.23;-5,9;EUR;Landbaeckerei Ihle;contactless;Processed;Padaria;;;
12.11.23;13.11.23;-11,05;EUR;Landbaeckerei Ihle;contactless;Processed;Padaria;;;
11.11.23;13.11.23;-5,75;EUR;ALDI SUED;contactless;Processed;mercado;;;
11.11.23;13.11.23;-9,99;EUR;APPLE.COM/BILL;e-commerce;Processed;Apple iCloud;;;
09.11.23;10.11.23;2.416,38;EUR;Lastschrift;direct-debit;Processed;0;;;
09.11.23;09.11.23;-11,5;EUR;monatlicher Kartenpreis;product-fee;Processed;Taxa cartao M&M;;;
08.11.23;09.11.23;-67,95;EUR;DECATHLON Deutschland;contactless;Processed;compras roupa;;;
08.11.23;09.11.23;-87,94;EUR;H&amp;M Muenchen 1DE06;contactless;compras roupa;Processed;;
08.11.23;09.11.23;-5,6;EUR;DM-Drogerie Markt;contactless;Processed;DM;;;
07.11.23;08.11.23;-15,95;EUR;DANKE DER BUCHLADEN;contactless;Processed;Livro;;;
06.11.23;07.11.23;-5;EUR;AMPERA;contactless;Processed;0;;;
05.11.23;06.11.23;-25,45;EUR;Landbaeckerei Ihle;contactless;Processed;Padaria;;;
04.11.23;06.11.23;-9;EUR;Parkhaus Flughafen;contactless;Processed;estacionamento;;;
04.11.23;06.11.23;-12,85;EUR;REWE Olching Hauptstr.;contactless;Processed;mercado;;;
04.11.23;06.11.23;-11,99;EUR;APPLE.COM/BILL;e-commerce;Processed;Apple iCloud;;;
03.11.23;06.11.23;-4;EUR;FRUTERIA;contactless;Processed;0;;;
03.11.23;06.11.23;-119;EUR;RESTAURANT COLOM;contactless;Processed;restaurante;;;
03.11.23;06.11.23;-30,7;EUR;FNAC TRIANGLE;contactless;Processed;livro;;;
03.11.23;06.11.23;-10;EUR;FGC MAE;contactless;Processed;0;;;
03.11.23;06.11.23;-2,5;EUR;136 GRAN VIA LHOSPITAL;contactless;Processed;0;;;
03.11.23;06.11.23;-37,5;EUR;KFC GRAN VIA 2;contactless;Processed;restaurante;;;
03.11.23;06.11.23;-1,32;EUR;IUVFVYST-1;contactless;Processed;0;;;
03.11.23;03.11.23;-2,88;EUR;MSC Cruises;retail-store;Processed;0;;;
01.11.23;02.11.23;-6;EUR;Roll and Chill;contactless;Processed;0;;;
01.11.23;02.11.23;-8;EUR;GRANO;contactless;Processed;0;;;
29.10.23;30.10.23;-17,1;EUR;FARMACIA REGIA;contactless;Processed;farmacia;;;
27.10.23;30.10.23;-1,4;EUR;VASCO DE GAMA;contactless;Processed;0;;;
26.10.23;27.10.23;-10,04;EUR;CASPE ALIMENTACIO SL;contactless;Processed;0;;;
26.10.23;27.10.23;-78;EUR;BARCELONA BUS -AERO GI;contactless;Processed;Ferias;;;
26.10.23;27.10.23;-3,4;EUR;SNACK UND FLY;contactless;Processed;0;;;
26.10.23;27.10.23;-3;EUR;SNACK UND FLY;contactless;Processed;0;;;
26.10.23;27.10.23;-11,94;EUR;Backstube Wuensche;contactless;Processed;Padaria;;;
25.10.23;26.10.23;-390;EUR;Trattoria Senza Nome;contactless;Processed;Bosch - restaurante;;;
25.10.23;26.10.23;-250;EUR;Dream-Bowl Palace;contactless;Processed;Bosch - Evento;;;
24.10.23;25.10.23;-25,04;EUR;Lidl Dienstleistung;contactless;Processed;mercado;;;
24.10.23;25.10.23;-35,12;EUR;JET-Tankstelle;contactless;Processed;gasolina;;;
24.10.23;25.10.23;-1,99;EUR;EDEKA OLCHING 826;contactless;Processed;mercado;;;
24.10.23;25.10.23;-5,65;EUR;MUELLER MH HANDELS GMB;contactless;Processed;DM;;;
24.10.23;25.10.23;-31,6;EUR;REWE Markt GmbH ZW;contactless;Processed;mercado;;;
24.10.23;25.10.23;-25,99;EUR;Fressnapf Fuerstenfel;contactless;Processed;Racao animais;;;
24.10.23;25.10.23;-49,24;EUR;C&A Haus 0504;contactless;Processed;compras roupa;;;
23.10.23;24.10.23;-2,7;EUR;Backstube Wuensche;contactless;Processed;Padaria;;;
23.10.23;23.10.23;-0,44;EUR;1,95% für Währungsumrechn;foreign-trx-fee;Processed;0;;;
22.10.23;23.10.23;-4,4;EUR;Ihle Cafe Geiselbullac;contactless;Processed;Padaria;;;
21.10.23;23.10.23;-6,9;EUR;DM-Drogerie Markt;contactless;Processed;DM;;;
21.10.23;23.10.23;-37,7;EUR;DM-Drogerie Markt;contactless;Processed;DM;;;
20.10.23;23.10.23;-22,55;EUR;CHATGPT SUBSCRIPTION;e-commerce;Processed;ChatGPT;-23,8;USD;1.055.532
20.10.23;23.10.23;-4,99;EUR;APPLE.COM/BILL;e-commerce;Processed;Apple iCloud;;;
20.10.23;23.10.23;-67,06;EUR;DM-Drogerie Markt;contactless;Processed;DM;;;
20.10.23;23.10.23;-1,95;EUR;MCDONALDS 1701;contactless;Processed;restaurante;;;
19.10.23;20.10.23;-7,43;EUR;MUELLER MH HANDELS GMB;contactless;Processed;DM;;;
19.10.23;23.10.23;-13,73;EUR;APOTHEKE CENTER 2;contactless;Processed;farmacia;;;
19.10.23;20.10.23;-35,71;EUR;REWE Markt GmbH ZW;contactless;Processed;mercado;;;
19.10.23;20.10.23;-17,71;EUR;Lidl Dienstleistung;contactless;Processed;mercado;;;
19.10.23;19.10.23;-0,37;EUR;1,95% für Währungsumrechn;foreign-trx-fee;Processed;0;;;
18.10.23;19.10.23;-3,23;EUR;Lidl Dienstleistung;contactless;Processed;mercado;;;
18.10.23;19.10.23;-16,25;EUR;Asia Markt Olching;contactless;Processed;mercado;;;
18.10.23;19.10.23;-18,96;EUR;APPSUMO.COM;e-commerce;Processed;Software;-19,95;USD;1.052.437
17.10.23;18.10.23;-6,1;EUR;Backstube Wuensche;contactless;Processed;Padaria;;;
17.10.23;17.10.23;-7,32;EUR;1,95% für Währungsumrechn;foreign-trx-fee;Processed;0;;;
16.10.23;17.10.23;-2,99;EUR;APPLE.COM/BILL;e-commerce;Processed;Apple iCloud;;;
16.10.23;17.10.23;-375,26;EUR;PG *ROCKFUNNELS ROCKFU;e-commerce;Processed;RF lifetime;-1.990;BRL;530.298
14.10.23;16.10.23;-8,99;EUR;AMZNPrime DE*H84MF9XM4;e-commerce;Processed;amazon;;;
14.10.23;16.10.23;-29;EUR;MAXXARENA;contactless;Processed;Aniver Davi;;;
14.10.23;16.10.23;-10,85;EUR;Ihle Cafe Geiselbullac;contactless;Processed;Padaria;;;
12.10.23;13.10.23;-32,95;EUR;CALZEDONIA GERMANY GMB;contactless;Processed;compras roupa;;;
12.10.23;13.10.23;-36,2;EUR;DANKE DER BUCHLADEN;contactless;Processed;Livro;;;
11.10.23;12.10.23;-9,99;EUR;APPLE.COM/BILL;e-commerce;Processed;Apple iCloud;;;
10.10.23;11.10.23;-113,05;EUR;RYANAIRQGTV9C;e-commerce;Processed;Voo;;;
10.10.23;11.10.23;-106,96;EUR;RYANAIRWKP82T;e-commerce;Processed;Voo;;;
09.10.23;10.10.23;929,13;EUR;Lastschrift;direct-debit;Processed;0;;;
09.10.23;09.10.23;-11,5;EUR;monatlicher Kartenpreis;product-fee;Processed;Taxa cartao M&M;;;
08.10.23;09.10.23;-41,5;EUR;Gut Aiderbichl Bayern;contactless;Processed;Aniver Davi;;;
08.10.23;09.10.23;-11,8;EUR;Ihle Cafe Geiselbullac;contactless;Processed;Padaria;;;
07.10.23;09.10.23;-2,8;EUR;Ihle Cafe Geiselbullac;contactless;Processed;Padaria;;;
06.10.23;06.10.23;-6,99;EUR;APPLE.COM/BILL;e-commerce;Processed;Apple iCloud;;;
05.10.23;06.10.23;-50,25;EUR;DANKE DER BUCHLADEN;contactless;Processed;Livro;;;
04.10.23;05.10.23;-11,99;EUR;APPLE.COM/BILL;e-commerce;Processed;Apple iCloud;;;
04.10.23;05.10.23;-39,58;EUR;Norma;retail-store;Processed;mercado;;;
03.10.23;04.10.23;-3,98;EUR;Prime Video *HT13Y9AO4;e-commerce;Processed;0;;;
03.10.23;04.10.23;-4,95;EUR;Ihle Cafe Geiselbullac;contactless;Processed;Padaria;;;
02.10.23;05.10.23;-10;EUR;APOTHEKE CENTER 2;contactless;Processed;farmacia;;;
01.10.23;02.10.23;-8,4;EUR;Ihle Cafe Geiselbullac;contactless;Processed;Padaria;;;
30.09.23;02.10.23;-3,8;EUR;Backstube Wuensche;contactless;Processed;Padaria;;;
30.09.23;02.10.23;-3,9;EUR;MAXXARENA;contactless;Processed;Aniver Davi;;;
30.09.23;02.10.23;-5,8;EUR;MAXXARENA;contactless;Processed;Aniver Davi;;;
30.09.23;02.10.23;-2,9;EUR;MAXXARENA;contactless;Processed;Aniver Davi;;;
30.09.23;02.10.23;-3,6;EUR;MAXXARENA;contactless;Processed;Aniver Davi;;;
30.09.23;02.10.23;-3,7;EUR;MAXXARENA;contactless;Processed;Aniver Davi;;;
30.09.23;02.10.23;-6;EUR;MAXXARENA;contactless;Processed;Aniver Davi;;;
30.09.23;02.10.23;-68,7;EUR;MAXXARENA;contactless;Processed;Aniver Davi;;;
30.09.23;02.10.23;-80;EUR;GAST- UND TAFERNWIRTSC;contactless;Processed;restaurante;;;
30.09.23;02.10.23;-8,3;EUR;Ihle Cafe Geiselbullac;contactless;Processed;Padaria;;;
28.09.23;29.09.23;-342;EUR;MAXXARENA;contactless;Processed;Aniver Davi;;;
24.09.23;29.09.23;-11,99;EUR;Amazon.de;e-commerce;Processed;amazon;;;
21.09.23;21.09.23;-0,43;EUR;1,95% für Währungsumrechn;foreign-trx-fee;Processed;0;;;
20.09.23;21.09.23;-22,3;EUR;CHATGPT SUBSCRIPTION;e-commerce;Processed;ChatGPT;-23,8;USD;1.067.229
20.09.23;21.09.23;-16,05;EUR;AMZN MKTP DE*1411R7R24;e-commerce;Processed;amazon;;;
18.09.23;19.09.23;-22,75;EUR;DANKE DER BUCHLADEN;contactless;Processed;Livro;;;
17.09.23;18.09.23;-10;EUR;ALPSEEPARKPLATZ;contactless;Processed;0;;;
17.09.23;18.09.23;-11,5;EUR;VILLA ROMANTICA;contactless;Processed;restaurante;;;
16.09.23;18.09.23;-2,99;EUR;APPLE.COM/BILL;e-commerce;Processed;Apple iCloud;;;
16.09.23;18.09.23;-9,8;EUR;Ihle Cafe Geiselbullac;contactless;Processed;Padaria;;;
14.09.23;15.09.23;-8,99;EUR;AMZNPrime DE*149W60GE4;e-commerce;Processed;amazon;;;
11.09.23;12.09.23;-21,8;EUR;KA 7 Restaurant;contactless;Processed;restaurante;;;
11.09.23;12.09.23;-9,99;EUR;APPLE.COM/BILL;e-commerce;Processed;Apple iCloud;;;
10.09.23;11.09.23;-7,3;EUR;Ihle Cafe Geiselbullac;contactless;Processed;Padaria;;;
09.09.23;12.09.23;-15,85;EUR;APOTHEKE CENTER 2;contactless;Processed;farmacia;;;
09.09.23;11.09.23;-4,99;EUR;AMZN Mktp DE*1U9J71734;e-commerce;Processed;amazon;;;
09.09.23;11.09.23;-16,83;EUR;AMZN Mktp DE*1U9FW7IJ4;e-commerce;Processed;amazon;;;
08.09.23;11.09.23;-1,99;EUR;HEINRITZI GMBH & CO. R;contactless;Processed;0;;;
08.09.23;11.09.23;-1,14;EUR;REWE Gruenwald Len;contactless;Processed;0;;;
08.09.23;09.09.23;950,24;EUR;Lastschrift;direct-debit;Processed;0;;;
08.09.23;08.09.23;-11,5;EUR;monatlicher Kartenpreis;product-fee;Processed;Taxa cartao M&M;;;
06.09.23;06.09.23;-5,57;EUR;OPENAI;e-commerce;Processed;0;-5,96;USD;1.070.548
06.09.23;07.09.23;-6,99;EUR;APPLE.COM/BILL;e-commerce;Processed;Apple iCloud;;;
06.09.23;06.09.23;-0,11;EUR;1,95% für Währungsumrechn;foreign-trx-fee;Processed;0;;;
05.09.23;06.09.23;-21;EUR;Able Catering;contactless;Processed;restaurante;;;
05.09.23;05.09.23;-0,11;EUR;1,95% für Währungsumrechn;foreign-trx-fee;Processed;0;;;
04.09.23;05.09.23;-5,87;EUR;TEBEX.ORG;e-commerce;Processed;VideoGame;-6,32;USD;1.077.021
04.09.23;05.09.23;-1,99;EUR;HEINRITZI GMBH & CO. R;contactless;Processed;0;;;
04.09.23;05.09.23;-11,99;EUR;APPLE.COM/BILL;e-commerce;Processed;Apple iCloud;;;
03.09.23;04.09.23;-3,3;EUR;Ihle Cafe Geiselbullac;contactless;Processed;Padaria;;;
01.09.23;06.09.23;-42,9;EUR;SIEMES Schuhcenter Gmb;e-commerce;Processed;compras roupa;;;
31.08.23;01.09.23;-1;EUR;TEDi Fil  5385;contactless;Processed;0;;;
31.08.23;01.09.23;-2,65;EUR;DM-Drogerie Markt;contactless;Processed;DM;;;
31.08.23;01.09.23;-23,93;EUR;AMZN Mktp DE*1M0LB1WN4;e-commerce;Processed;amazon;;;
31.08.23;31.08.23;-26,99;EUR;Amazon.de;e-commerce;Processed;amazon;;;
30.08.23;31.08.23;-3,3;EUR;Ihle Cafe Geiselbullac;contactless;Processed;Padaria;;;
29.08.23;31.08.23;-13,99;EUR;APPLE.COM/BILL;e-commerce;Processed;Apple iCloud;;;
29.08.23;30.08.23;-8,6;EUR;Ihle Cafe Geiselbullac;contactless;Processed;Padaria;;;
27.08.23;28.08.23;-32,98;EUR;AMZN Mktp DE*1M9RS2X54;e-commerce;Processed;amazon;;;
26.08.23;28.08.23;-3,5;EUR;POLLUX GRUNDSTÜCKSGESE;contactless;Processed;0;;;
26.08.23;28.08.23;-74,4;EUR;Le Burger Muenchen;contactless;Processed;restaurante;;;
26.08.23;28.08.23;-24,65;EUR;TEDI Fil  5367;contactless;Processed;compras casa;;;
25.08.23;28.08.23;-7,99;EUR;VIMN Germany GmbH;e-commerce;Processed;0;;;
24.08.23;25.08.23;-7,99;EUR;KiK Fil  6424;contactless;Processed;0;;;
24.08.23;25.08.23;-61,67;EUR;AMZN Mktp DE*1M8TF3NC4;e-commerce;Processed;amazon;;;
24.08.23;25.08.23;-1,52;EUR;Backstube Wuensche;contactless;Processed;Padaria;;;
23.08.23;24.08.23;-69,3;EUR;Le Burger Muenchen;contactless;Processed;restaurante;;;
23.08.23;24.08.23;-35,85;EUR;MOEMAX.DE;e-commerce;Processed;compras casa;;;
22.08.23;23.08.23;-15,1;EUR;SumUp  *VILLA ROMANTIC;contactless;Processed;restaurante;;;
22.08.23;23.08.23;-10,5;EUR;SumUp  *VILLA ROMANTIC;contactless;Processed;restaurante;;;
22.08.23;23.08.23;-4,99;EUR;REWE Olching Hauptstr.;contactless;Processed;mercado;;;
22.08.23;10.08.23;2,34;EUR;Teilerstattung Karten;unknown;Processed;0;;;
21.08.23;22.08.23;-30,02;EUR;REWE Markt GmbH ZW;contactless;Processed;mercado;;;
21.08.23;21.08.23;-0,43;EUR;1,95% für Währungsumrechn;foreign-trx-fee;Processed;0;;;
21.08.23;21.08.23;-0,15;EUR;1,95% für Währungsumrechn;foreign-trx-fee;Processed;0;;;
20.08.23;21.08.23;-21,95;EUR;CHATGPT SUBSCRIPTION;e-commerce;Processed;ChatGPT;-23,8;USD;1.084.327
20.08.23;21.08.23;-35,65;EUR;SP ACQUISITION.COM;e-commerce;Processed;livro;;;
20.08.23;22.08.23;-28,69;EUR;AMZN Mktp DE*1F4PT09A4;e-commerce;Processed;amazon;;;
20.08.23;21.08.23;-11,4;EUR;Ihle Cafe Geiselbullac;contactless;Processed;Padaria;;;
19.08.23;21.08.23;-2,95;EUR;Backstube Wuensche;contactless;Processed;Padaria;;;
18.08.23;21.08.23;-67,96;EUR;DECATHLON Deutschland;contactless;Processed;compras roupa;;;
18.08.23;21.08.23;-7,92;EUR;CF ETISON, LLC;e-commerce;Processed;0;-8,59;USD;1.084.327
18.08.23;21.08.23;-3,35;EUR;Ihle Cafe Geiselbullac;contactless;Processed;Padaria;;;
16.08.23;17.08.23;-2,99;EUR;APPLE.COM/BILL;e-commerce;Processed;Apple iCloud;;;
16.08.23;17.08.23;-10,5;EUR;KIOSK FREIBAD MAMMENDO;contactless;Processed;restaurante;;;
16.08.23;17.08.23;-18,5;EUR;KIOSK FREIBAD MAMMENDO;contactless;Processed;restaurante;;;
14.08.23;15.08.23;-8,99;EUR;AMZNPrime DE*1F6074Z14;e-commerce;Processed;amazon;;;
14.08.23;15.08.23;-100,43;EUR;Lidl Dienstleistung;contactless;Processed;mercado;;;
14.08.23;17.08.23;-11,5;EUR;APOTHEKE CENTER 1;contactless;Processed;farmacia;;;
09.08.23;10.08.23;-46,97;EUR;DANKE BZO OLCHING GMBH;contactless;Processed;Baumarkt;;;
09.08.23;10.08.23;1.949,10;EUR;Lastschrift;direct-debit;Processed;0;;;
09.08.23;09.08.23;-11,5;EUR;monatlicher Kartenpreis;product-fee;Processed;Taxa cartao M&M;;;
07.08.23;09.08.23;-46,71;EUR;AMZN Mktp DE*1V6QD3HY4;e-commerce;Processed;amazon;;;
06.08.23;07.08.23;-4,99;EUR;APPLE.COM/BILL;e-commerce;Processed;Apple iCloud;;;
06.08.23;07.08.23;-6,99;EUR;APPLE.COM/BILL;e-commerce;Processed;Apple iCloud;;;
06.08.23;07.08.23;-3,15;EUR;Ihle Cafe Geiselbullac;contactless;Processed;Padaria;;;
04.08.23;07.08.23;-11,99;EUR;APPLE.COM/BILL;e-commerce;Processed;Apple iCloud;;;
02.08.23;03.08.23;-105,9;EUR;home24 SE;e-commerce;Processed;compras casa;;;
01.08.23;02.08.23;-29,99;EUR;MICROSOFT*STORE;e-commerce;Processed;Software;;;
01.08.23;01.08.23;-0,21;EUR;1,95% für Währungsumrechn;foreign-trx-fee;Processed;0;;;
31.07.23;01.08.23;-10,81;EUR;TEBEX.ORG;e-commerce;Processed;VideoGame;-11,89;USD;1.100.323
28.07.23;31.07.23;-11,25;EUR;MCDONALD S DEUTSCHLAND;contactless;Processed;restaurante;;;
25.07.23;26.07.23;-7,99;EUR;VIMN Germany GmbH;e-commerce;Processed;0;;;
25.07.23;26.07.23;-10,5;EUR;KatNi-Bistro;contactless;Processed;restaurante;;;
25.07.23;26.07.23;-25,8;EUR;KatNi-Bistro;contactless;Processed;restaurante;;;
24.07.23;25.07.23;-16,05;EUR;AMZN Mktp DE*1J47694W5;e-commerce;Processed;amazon;;;
24.07.23;08.07.23;59,95;EUR;AMZ*AllSpares;deposit;Processed;amazon;;;
24.07.23;08.07.23;30,94;EUR;AMZ*Amazon.de;deposit;Processed;amazon;;;
23.07.23;24.07.23;-93;EUR;Hotel Michels Stern;contactless;Processed;restaurante;;;
23.07.23;24.07.23;-4,24;EUR;Rasthaus Sued;contactless;Processed;0;;;
23.07.23;24.07.23;-214;EUR;Hotel MainChateau;contactless;Processed;Hotel casamento;;;
22.07.23;24.07.23;-14,94;EUR;ALDI SUED;contactless;Processed;mercado;;;
22.07.23;24.07.23;-3,05;EUR;Ihle Cafe Geiselbullac;contactless;Processed;Padaria;;;
21.07.23;24.07.23;-75,71;EUR;AMZN Mktp DE*T217V1H15;e-commerce;Processed;amazon;;;
21.07.23;21.07.23;-0,42;EUR;1,95% für Währungsumrechn;foreign-trx-fee;Processed;0;;;
20.07.23;21.07.23;-21,38;EUR;CHATGPT SUBSCRIPTION;e-commerce;Processed;ChatGPT;-23,8;USD;111.305
20.07.23;21.07.23;-4,5;EUR;BACKSTUBE WUENSCHE;contactless;Processed;Padaria;;;
19.07.23;20.07.23;-3,45;EUR;Ihle Cafe Geiselbullac;contactless;Processed;Padaria;;;
18.07.23;19.07.23;-68,78;EUR;ALDI SUED;contactless;Processed;mercado;;;
18.07.23;19.07.23;-6;EUR;TEDi Fil  4534;contactless;Processed;compras casa;;;
18.07.23;18.07.23;-14,44;EUR;AMZN Mktp DE*1S8YH1HJ4;e-commerce;Processed;amazon;;;
17.07.23;18.07.23;-64;EUR;The Body Shop;contactless;Processed;Presente;;;
17.07.23;20.07.23;-65,13;EUR;AMZN Mktp DE*AP7172LU5;e-commerce;Processed;amazon;;;
17.07.23;08.07.23;15,03;EUR;Zara Deutschland 3421;deposit;Processed;compras roupa;;;
16.07.23;17.07.23;-2,99;EUR;APPLE.COM/BILL;e-commerce;Processed;Apple iCloud;;;
16.07.23;17.07.23;-5,65;EUR;Ihle Cafe Geiselbullac;contactless;Processed;Padaria;;;
15.07.23;17.07.23;-107,4;EUR;Lidl Dienstleistung;contactless;Processed;mercado;;;
14.07.23;17.07.23;-8,99;EUR;AMZNPrime DE*WO3340G25;e-commerce;Processed;amazon;;;
14.07.23;17.07.23;-29,99;EUR;TALLY WEIJL Muenchen O;retail-store;Processed;compras roupa;;;
14.07.23;17.07.23;-12,97;EUR;Depot 1317;contactless;Processed;0;;;
14.07.23;17.07.23;-12,99;EUR;Zara Deutschland 3421;contactless;Processed;compras roupa;;;
14.07.23;17.07.23;-6,25;EUR;Ihle Cafe Geiselbullac;contactless;Processed;Padaria;;;
14.07.23;18.07.23;-48,04;EUR;AMZN Mktp DE*YX1BQ6ZA5;e-commerce;Processed;amazon;;;
13.07.23;14.07.23;-31,69;EUR;EDEKA OLCHING 826;contactless;Processed;mercado;;;
13.07.23;13.07.23;-57,26;EUR;TK Maxx;contactless;Processed;compras roupa;;;
13.07.23;14.07.23;-16,1;EUR;DM Drogerie Markt;contactless;Processed;DM;;;
13.07.23;14.07.23;-10;EUR;DB Automaten;retail-store;Processed;0;;;
12.07.23;14.07.23;-254,03;EUR;AMZN Mktp DE*2Q9HU4HU5;e-commerce;Processed;amazon;;;
12.07.23;13.07.23;-42,85;EUR;DM-Drogerie Markt;contactless;Processed;DM;;;
12.07.23;13.07.23;-10,5;EUR;KatNi-Bistro;contactless;Processed;restaurante;;;
12.07.23;13.07.23;-28,3;EUR;KatNi-Bistro;contactless;Processed;restaurante;;;
12.07.23;13.07.23;-270,5;EUR;AMZN Mktp DE*VX62Z1HU5;e-commerce;Processed;amazon;;;
12.07.23;12.07.23;-3;EUR;Ihle Cafe Geiselbullac;contactless;Processed;Padaria;;;
11.07.23;11.07.23;-10,79;EUR;Fressnapf Fuerstenfel;contactless;Processed;Racao animais;;;
11.07.23;11.07.23;-15,95;EUR;APOTHEKE CENTER 2;retail-store;Processed;farmacia;;;
11.07.23;11.07.23;-45,76;EUR;AMZN Mktp DE*2T0855P35;retail-store;Processed;amazon;;;
10.07.23;10.07.23;-2,6;EUR;BACKSTUBE WUENSCHE;retail-store;Processed;Padaria;;;
10.07.23;10.07.23;-24,94;EUR;REWE Filialen Voll;retail-store;Processed;mercado;;;
10.07.23;10.07.23;-35,64;EUR;REWE Markt GmbH ZW;retail-store;Processed;mercado;;;
10.07.23;10.07.23;-2,97;EUR;EDEKA OLCHING 826;retail-store;Processed;mercado;;;
07.07.23;08.07.23;1.893,25;EUR;Lastschrift;direct-debit;Processed;0;;;
07.07.23;07.07.23;-11,5;EUR;monatlicher Kartenpreis;product-fee;Processed;Taxa cartao M&M;;;
06.07.23;10.06.23;17,96;EUR;AMZ*Amazon;deposit;Processed;amazon;;;
05.07.23;06.07.23;-19,99;EUR;AWG Mode Center;contactless;Processed;compras roupa;;;
04.07.23;05.07.23;-5,43;EUR;Rossmann 1032;contactless;Processed;DM;;;
04.07.23;05.07.23;-11,99;EUR;APPLE.COM/BILL;e-commerce;Processed;Apple iCloud;;;
04.07.23;05.07.23;-13,2;EUR;Ihle Cafe Geiselbullac;contactless;Processed;Padaria;;;
04.07.23;10.06.23;164,99;EUR;AMZ*Amazon.de;deposit;Processed;amazon;;;
03.07.23;04.07.23;-50,45;EUR;AMZN Mktp DE*VB3XA8US5;e-commerce;Processed;amazon;;;
01.07.23;03.07.23;-19,9;EUR;AMZN Mktp DE*DI4MO4VT5;e-commerce;Processed;amazon;;;
29.06.23;29.06.23;-25,26;EUR;TK Maxx;retail-store;Processed;compras roupa;;;
28.06.23;30.06.23;-17,96;EUR;Amazon.de;e-commerce;Processed;amazon;;;
27.06.23;27.06.23;-15;EUR;Beeline Retail GmbH /;contactless;Processed;compras roupa;;;
27.06.23;28.06.23;-117,87;EUR;Zara Deutschland 3421;retail-store;Processed;compras roupa;;;
26.06.23;26.06.23;-0,37;EUR;1,95% für Währungsumrechn;foreign-trx-fee;Processed;0;;;
24.06.23;26.06.23;-6,42;EUR;REWE Filialen Voll;contactless;Processed;mercado;;;
23.06.23;26.06.23;-18,78;EUR;VTURB;e-commerce;Processed;Vturb;-97;BRL;5.166.046
21.06.23;21.06.23;-8,98;EUR;DECATHLON Deutschland;contactless;Processed;compras roupa;;;
21.06.23;21.06.23;-0,43;EUR;1,95% für Währungsumrechn;foreign-trx-fee;Processed;0;;;
20.06.23;21.06.23;-21,85;EUR;CHATGPT SUBSCRIPTION;e-commerce;Processed;ChatGPT;-23,8;USD;1.089.129
20.06.23;21.06.23;-24,83;EUR;ASIA MARKT OLCHING;contactless;Processed;mercado;;;
20.06.23;21.06.23;-13,65;EUR;MUELLER MH HANDELS GMB;contactless;Processed;DM;;;
20.06.23;21.06.23;-35,99;EUR;AMAZON.DE*SG8J581C5 WW;e-commerce;Processed;amazon;;;
19.06.23;20.06.23;-9;EUR;BACKSTUBE WUENSCHE;contactless;Processed;Padaria;;;
19.06.23;10.06.23;5,15;EUR;AMZ*Amazon.de;deposit;Processed;amazon;;;
18.06.23;19.06.23;-31,55;EUR;MCDONALDS 01291;contactless;Processed;restaurante;;;
18.06.23;19.06.23;-9,57;EUR;MCDONALDS 00644;contactless;Processed;restaurante;;;
18.06.23;19.06.23;-3;EUR;Ihle Cafe Geiselbullac;contactless;Processed;Padaria;;;
16.06.23;19.06.23;-2,99;EUR;APPLE.COM/BILL;e-commerce;Processed;Apple iCloud;;;
16.06.23;19.06.23;-84,92;EUR;Lidl Dienstleistung;contactless;Processed;mercado;;;
16.06.23;19.06.23;-83;EUR;The Body Shop Germany;contactless;Processed;compras roupa;;;
16.06.23;16.06.23;-552;EUR;WWW.NOVOTEL.ACCOR.COM;retail-store;Processed;Bosch - hotel;;;
15.06.23;16.06.23;-73,99;EUR;Esso Station Olching 1;contactless;Processed;gasolina;;;
15.06.23;16.06.23;-8,99;EUR;BURGER KING 14377 SOT;contactless;Processed;restaurante;;;
15.06.23;16.06.23;-1;EUR;BURGER KING 14377 SOT;contactless;Processed;restaurante;;;
15.06.23;19.06.23;-33,65;EUR;Aral Tankstelle 285217;contactless;Processed;farmacia;;;
14.06.23;16.06.23;-8,99;EUR;AMZNPRIME DE*NH5I33Y45;e-commerce;Processed;amazon;;;
14.06.23;15.06.23;-6,79;EUR;MUELLER MH HANDELS GMB;contactless;Processed;DM;;;
14.06.23;19.06.23;-89,7;EUR;AMZN Mktp DE*IO9QJ8T25;e-commerce;Processed;amazon;;;
14.06.23;10.06.23;11,99;EUR;AMZ*Kinear Direct;deposit;Processed;amazon;;;
13.06.23;14.06.23;-10,74;EUR;ALDI SUED;contactless;Processed;mercado;;;
13.06.23;14.06.23;-9,98;EUR;REWE Markt GmbH ZW;contactless;Processed;mercado;;;
13.06.23;14.06.23;-9,99;EUR;AMZN Mktp DE*E51MF1ZM5;e-commerce;Processed;amazon;;;
12.06.23;13.06.23;-6,47;EUR;SCHECK-IN CENTER;contactless;Processed;0;;;
12.06.23;13.06.23;-5,15;EUR;Amazon.de;e-commerce;Processed;amazon;;;
12.06.23;13.06.23;-28,14;EUR;ALDI SUED;contactless;Processed;mercado;;;
11.06.23;12.06.23;-38,78;EUR;AMZN Mktp DE*RW0TE5O75;e-commerce;Processed;amazon;;;
11.06.23;12.06.23;-59,95;EUR;AMZN Mktp DE*K104R4LW5;e-commerce;Processed;amazon;;;
10.06.23;12.06.23;-102,24;EUR;REWE Markt GmbH ZW;contactless;Processed;mercado;;;
10.06.23;12.06.23;-15,54;EUR;REWE Filialen Voll;contactless;Processed;mercado;;;
10.06.23;13.06.23;-164,99;EUR;Amazon.de;e-commerce;Processed;amazon;;;
09.06.23;12.06.23;-92,43;EUR;Lidl Dienstleistung;contactless;Processed;mercado;;;
09.06.23;12.06.23;-80;EUR;016 Hallhuber GmbH;contactless;Processed;compras roupa;;;
09.06.23;12.06.23;-29,95;EUR;Zara Deutschland 3421;contactless;Processed;compras roupa;;;
09.06.23;10.06.23;2.655,22;EUR;Lastschrift;direct-debit;Processed;0;;;
09.06.23;09.06.23;-0,21;EUR;1,95% für Währungsumrechn;foreign-trx-fee;Processed;0;;;
09.06.23;09.06.23;-9,16;EUR;monatlicher Kartenpreis;product-fee;Processed;Taxa cartao M&M;;;
07.06.23;09.06.23;-63,88;EUR;AMZN Mktp DE*FK4779775;e-commerce;Processed;amazon;;;
07.06.23;09.06.23;-5,09;EUR;EDEKA OLCHING 826;contactless;Processed;mercado;;;
07.06.23;09.06.23;-10,56;EUR;TEBEX.ORG *HYPIXELSTO;e-commerce;Processed;0;-11,29;USD;1.068.948
07.06.23;09.06.23;-136,97;EUR;HFB ECO IKEA 063 ECHIN;contactless;Processed;compras casa;;;
07.06.23;09.06.23;-30,7;EUR;MÖMAX-ECHING;contactless;Processed;compras casa;;;
06.06.23;07.06.23;-8,04;EUR;Lidl Dienstleistung;contactless;Processed;mercado;;;
06.06.23;07.06.23;-66,45;EUR;ALDI SUED;contactless;Processed;mercado;;;
06.06.23;07.06.23;-0,99;EUR;SCHLOSS BURGER GMBH;contactless;Processed;0;;;
06.06.23;07.06.23;-66,1;EUR;Mulino;contactless;Processed;restaurante;;;
06.06.23;06.06.23;-23,4;EUR;Hunkemoller  4379;contactless;Processed;compras roupa;;;
06.06.23;07.06.23;-204,95;EUR;NikePOS_DE;contactless;Processed;compras roupa;;;
06.06.23;09.06.23;-70,84;EUR;ALLGUTH GMBH;contactless;Processed;gasolina;;;
05.06.23;06.06.23;-34,99;EUR;Amazon.de;e-commerce;Processed;amazon;;;
05.06.23;05.06.23;-54,89;EUR;AMZN Mktp DE*VR7AB0CB5;e-commerce;Processed;amazon;;;
05.06.23;05.06.23;-3;EUR;Ihle Cafe Geiselbullac;retail-store;Processed;Padaria;;;
04.06.23;05.06.23;-13,48;EUR;AMZN Mktp DE*9B3UV04R5;e-commerce;Processed;amazon;;;
04.06.23;05.06.23;-11,99;EUR;APPLE.COM/BILL;e-commerce;Processed;Apple iCloud;;;
03.06.23;05.06.23;-72,99;EUR;GameStop Deutschland G;contactless;Processed;VideoGame;;;
03.06.23;05.06.23;-4,5;EUR;Ihle Cafe Geiselbullac;contactless;Processed;Padaria;;;
02.06.23;09.06.23;-3;EUR;Ihle Cafe Geiselbullac;contactless;Processed;Padaria;;;
02.06.23;10.05.23;596,93;EUR;www.asos.com;deposit;Processed;0;;;
02.06.23;10.05.23;289,95;EUR;WWW.COMMA-FASHION.COM;deposit;Processed;compras roupa;;;
01.06.23;02.06.23;-10,99;EUR;AMZN Mktp DE*1E50486B5;e-commerce;Processed;amazon;;;
01.06.23;02.06.23;-4,88;EUR;MUELLER MH HANDELS GMB;contactless;Processed;DM;;;
30.05.23;31.05.23;-14,45;EUR;EDEKA OLCHING 826;contactless;Processed;mercado;;;
28.05.23;30.05.23;-5;EUR;Ihle Cafe Geiselbullac;contactless;Processed;Padaria;;;
27.05.23;30.05.23;-23,11;EUR;EDEKA OLCHING 826;contactless;Processed;mercado;;;
27.05.23;30.05.23;-17,56;EUR;ALDI SUED;contactless;Processed;mercado;;;
27.05.23;30.05.23;-28,08;EUR;REWE Filialen Voll;contactless;Processed;mercado;;;
27.05.23;30.05.23;-277,89;EUR;hagebau Fuerstenfeldbr;contactless;Processed;Baumarkt;;;
27.05.23;30.05.23;-9,5;EUR;REWE Markt GmbH ZW;contactless;Processed;mercado;;;
27.05.23;30.05.23;-3;EUR;Ihle Cafe Geiselbullac;contactless;Processed;Padaria;;;
26.05.23;30.05.23;-76;EUR;73 Burger Bar;contactless;Processed;restaurante;;;
25.05.23;26.05.23;-4,25;EUR;DANKE DER BUCHLADEN;contactless;Processed;Livro;;;
25.05.23;26.05.23;-22;EUR;SumUp  *KatNi-Asia Bis;contactless;Processed;restaurante;;;
25.05.23;25.05.23;-63;EUR;WWW.FUTALIS.DE;retail-store;Processed;Racao animais;;;
24.05.23;26.05.23;-38,75;EUR;Amazon.de;e-commerce;Processed;amazon;;;
24.05.23;24.05.23;-0,36;EUR;1,95% für Währungsumrechn;foreign-trx-fee;Processed;0;;;
23.05.23;24.05.23;-18,21;EUR;VTURB;e-commerce;Processed;Vturb;-97;BRL;5.327.101
22.05.23;22.05.23;-0,43;EUR;1,95% für Währungsumrechn;foreign-trx-fee;Processed;0;;;
21.05.23;23.05.23;-87,62;EUR;PORTO EDITORA;e-commerce;Processed;Livro;;;
21.05.23;22.05.23;-5,3;EUR;Jaeger Parkhaus-Betrei;contactless;Processed;estacionamento;;;
21.05.23;22.05.23;-59,1;EUR;VAPIANO STUTTGART 1;contactless;Processed;restaurante;;;
21.05.23;22.05.23;-36;EUR;AMAZON.DE*JJ51W4WT5 WW;e-commerce;Processed;amazon;;;
21.05.23;22.05.23;-2,55;EUR;Ihle Cafe Geiselbullac;contactless;Processed;Padaria;;;
20.05.23;22.05.23;-22,12;EUR;CHATGPT SUBSCRIPTION;e-commerce;Processed;ChatGPT;-23,8;USD;1.075.834
19.05.23;22.05.23;-5,95;EUR;CAFE Groebenzell;contactless;Processed;0;;;
19.05.23;22.05.23;-5,86;EUR;BACKSTUBE WUENSCHE;contactless;Processed;Padaria;;;
17.05.23;19.05.23;-55,98;EUR;FRESSNAPF TIERNAHRUNGS;e-commerce;Processed;Racao animais;;;
17.05.23;19.05.23;-45,27;EUR;EDEKA OLCHING 826;contactless;Processed;mercado;;;
17.05.23;19.05.23;-25,39;EUR;MUELLER MH HANDELS GMB;contactless;Processed;DM;;;
17.05.23;19.05.23;-41,95;EUR;DM-Drogerie Markt;contactless;Processed;DM;;;
17.05.23;19.05.23;-35,97;EUR;Fressnapf Puchheim;contactless;Processed;Racao animais;;;
17.05.23;22.05.23;-453,89;EUR;WWW.COMMA-FASHION.COM;e-commerce;Processed;compras roupa;;;
17.05.23;19.05.23;-13,99;EUR;AMZN Mktp DE*TQ84109E5;e-commerce;Processed;amazon;;;
17.05.23;19.05.23;-607,92;EUR;www.asos.com;e-commerce;Processed;0;;;
16.05.23;17.05.23;-2,99;EUR;APPLE.COM/BILL;e-commerce;Processed;Apple iCloud;;;
16.05.23;17.05.23;-14,44;EUR;EDEKA OLCHING 826;contactless;Processed;mercado;;;
16.05.23;17.05.23;-3,82;EUR;MUELLER MH HANDELS GMB;contactless;Processed;DM;;;
16.05.23;17.05.23;-75,25;EUR;ALDI SUED;contactless;Processed;mercado;;;
14.05.23;15.05.23;-8,99;EUR;AMZNPRIME DE*UP29G8B45;e-commerce;Processed;amazon;;;
14.05.23;15.05.23;-3;EUR;Ihle Cafe Geiselbullac;contactless;Processed;Padaria;;;
12.05.23;15.05.23;-18,74;EUR;Lidl Dienstleistung;contactless;Processed;mercado;;;
12.05.23;15.05.23;-51,25;EUR;DM-Drogerie Markt;contactless;Processed;DM;;;
11.05.23;15.05.23;-85,92;EUR;AMZN MKTP DE*FV6O72HY5;e-commerce;Processed;amazon;;;
10.05.23;12.05.23;-79,19;EUR;Aral Station 191474105;contactless;Processed;gasolina;;;
10.05.23;11.05.23;-40,67;EUR;ALDI SUED;contactless;Processed;mercado;;;
10.05.23;11.05.23;-114,9;EUR;AMZ* OK LIVING;e-commerce;Processed;amazon;;;
09.05.23;10.05.23;-11,2;EUR;TEDi Fil  4534;contactless;Processed;compras casa;;;
09.05.23;10.05.23;-13,24;EUR;MUELLER MH HANDELS GMB;contactless;Processed;DM;;;
09.05.23;10.05.23;1.858,34;EUR;Lastschrift;direct-debit;Processed;0;;;
09.05.23;09.05.23;-9,16;EUR;monatlicher Kartenpreis;product-fee;Processed;Taxa cartao M&M;;;
08.05.23;09.05.23;-7,99;EUR;APPLE.COM/BILL;e-commerce;Processed;Apple iCloud;;;
08.05.23;09.05.23;-23,49;EUR;Hutter Büro GmbH & Co.;contactless;Processed;livro;;;
08.05.23;07.04.23;140,92;EUR;DECATHLON Deutschland;deposit;Processed;compras roupa;;;
07.05.23;08.05.23;-44;EUR;SumUp  *Tevhid Restaur;contactless;Processed;restaurante;;;
07.05.23;08.05.23;-6,9;EUR;Ihle Cafe Geiselbullac;contactless;Processed;Padaria;;;
06.05.23;08.05.23;-2,99;EUR;Amazon.de;e-commerce;Processed;amazon;;;
06.05.23;08.05.23;-45,98;EUR;DECATHLON Deutschland;contactless;Processed;compras roupa;;;
06.05.23;08.05.23;-178,48;EUR;INTIMISSIMI CALZEDONIA;contactless;Processed;compras roupa;;;
05.05.23;08.05.23;-12,75;EUR;DANKE DER BUCHLADEN;retail-store;Processed;Livro;;;
04.05.23;05.05.23;-11,99;EUR;APPLE.COM/BILL;e-commerce;Processed;Apple iCloud;;;
04.05.23;05.05.23;-20,65;EUR;Ihle Cafe Geiselbullac;contactless;Processed;Padaria;;;
03.05.23;05.05.23;-183,5;EUR;AMZN Mktp DE*651NL42X5;e-commerce;Processed;amazon;;;
03.05.23;04.05.23;-19,95;EUR;Apoth. im Edeka-Center;contactless;Processed;farmacia;;;
03.05.23;04.05.23;-35,7;EUR;KatNi-Bistro;contactless;Processed;restaurante;;;
03.05.23;07.04.23;14,68;EUR;AMZ*XinXing Sports;deposit;Processed;amazon;;;
01.05.23;02.05.23;-6,35;EUR;Ihle Cafe Geiselbullac;contactless;Processed;Padaria;;;
30.04.23;02.05.23;-3;EUR;Ihle Cafe Geiselbullac;contactless;Processed;Padaria;;;
29.04.23;02.05.23;-1,7;EUR;TCHIBO 2953;contactless;Processed;0;;;
29.04.23;02.05.23;-14,95;EUR;Internationale Leopold;contactless;Processed;Ferias;;;
29.04.23;02.05.23;-9,9;EUR;i love leo GmbH&Co.KG;contactless;Processed;0;;;
28.04.23;02.05.23;-500;EUR;Wise;e-commerce;Processed;Transferwise;;;
28.04.23;02.05.23;-4,25;EUR;DANKE DER BUCHLADEN;contactless;Processed;Livro;;;
26.04.23;07.04.23;59,57;EUR;NEWPHARMA;deposit;Processed;0;;;
25.04.23;07.04.23;8,99;EUR;AMZ*CENTRO TUINA DI ZH;deposit;Processed;amazon;;;
24.04.23;25.04.23;-14,68;EUR;AMZN Mktp DE*3C2H936I5;e-commerce;Processed;amazon;;;
24.04.23;25.04.23;-23,76;EUR;REWE Markt GmbH ZW;contactless;Processed;mercado;;;
24.04.23;24.04.23;-0,34;EUR;1,95% für Währungsumrechn;foreign-trx-fee;Processed;0;;;
24.04.23;07.04.23;44,99;EUR;DECATHLON Deutschland;deposit;Processed;compras roupa;;;
23.04.23;24.04.23;-17,61;EUR;VTURB;e-commerce;Processed;Vturb;-97;BRL;5.507.837
23.04.23;24.04.23;-35,24;EUR;Marien Apotheke;contactless;Processed;farmacia;;;
23.04.23;24.04.23;-10,33;EUR;BURGER KING KIRCHHEIM;contactless;Processed;restaurante;;;
23.04.23;24.04.23;-7,45;EUR;Ihle Cafe Geiselbullac;contactless;Processed;Padaria;;;
22.04.23;24.04.23;-12;EUR;Beeline Retail GmbH /;contactless;Processed;compras roupa;;;
22.04.23;24.04.23;-121,75;EUR;Schmid GmbH;contactless;Processed;???;;;
22.04.23;24.04.23;-163,92;EUR;DECATHLON Deutschland;contactless;Processed;compras roupa;;;
21.04.23;24.04.23;-40,89;EUR;AMZN Mktp DE*582DS3RB5;e-commerce;Processed;amazon;;;
21.04.23;24.04.23;-59,57;EUR;NEWPHARMA;e-commerce;Processed;0;;;
21.04.23;24.04.23;-36;EUR;AMAZON.DE*VX0FA07K5 WW;e-commerce;Processed;amazon;;;
21.04.23;21.04.23;-0,42;EUR;1,95% für Währungsumrechn;foreign-trx-fee;Processed;0;;;
20.04.23;21.04.23;-21,77;EUR;CHATGPT SUBSCRIPTION;e-commerce;Processed;ChatGPT;-23,8;USD;109.313
19.04.23;20.04.23;-189,9;EUR;DECATHLON Deutschland;e-commerce;Processed;compras roupa;;;
19.04.23;20.04.23;-4,55;EUR;TEDI Fil  5367;contactless;Processed;compras casa;;;
19.04.23;20.04.23;-9,45;EUR;Apoth. im Edeka-Center;contactless;Processed;farmacia;;;
19.04.23;20.04.23;-22,91;EUR;ASIA MARKT OLCHING;contactless;Processed;mercado;;;
19.04.23;19.04.23;-9,22;EUR;AMZN Mktp DE*U01JK6O25;e-commerce;Processed;amazon;;;
17.04.23;20.04.23;-3,95;EUR;APOTHEKE CENTER 2;contactless;Processed;farmacia;;;
16.04.23;17.04.23;-2,99;EUR;APPLE.COM/BILL;e-commerce;Processed;Apple iCloud;;;
15.04.23;17.04.23;-25,96;EUR;DECATHLON Deutschland;contactless;Processed;compras roupa;;;
15.04.23;17.04.23;-5,6;EUR;SumUp  *Biu Tea;contactless;Processed;restaurante;;;
15.04.23;17.04.23;-73;EUR;Le Burger Muenchen;contactless;Processed;restaurante;;;
14.04.23;17.04.23;-8,99;EUR;AMZNPrime DE*0D9FW6045;e-commerce;Processed;amazon;;;
13.04.23;14.04.23;-3;EUR;Ihle Cafe Geiselbullac;contactless;Processed;Padaria;;;
13.04.23;07.04.23;338,7;EUR;DIGITALPUBL;deposit;Processed;0;369;USD;1.089.454
13.04.23;07.04.23;6,6;EUR;1,95% für Währungsumrechn;unknown;Processed;0;;;
12.04.23;13.04.23;-16,5;EUR;ALDI SUED;contactless;Processed;mercado;;;
12.04.23;13.04.23;-17,86;EUR;AMZN Mktp DE*V844X1V65;e-commerce;Processed;amazon;;;
12.04.23;12.04.23;-6,64;EUR;1,95% für Währungsumrechn;foreign-trx-fee;Processed;0;;;
11.04.23;12.04.23;-340,52;EUR;DIGITALPUBL;e-commerce;Processed;0;-369;USD;1.083.647
09.04.23;11.04.23;-8,4;EUR;Ihle Cafe Geiselbullac;contactless;Processed;Padaria;;;
08.04.23;11.04.23;-7,99;EUR;APPLE.COM/BILL;e-commerce;Processed;Apple iCloud;;;
08.04.23;11.04.23;-3,45;EUR;Ihle Cafe Geiselbullac;contactless;Processed;Padaria;;;
06.04.23;11.04.23;-2,5;EUR;Ihle Cafe Geiselbullac;contactless;Processed;Padaria;;;
06.04.23;07.04.23;625;EUR;Lastschrift;direct-debit;Processed;0;;;
06.04.23;06.04.23;-9,16;EUR;monatlicher Kartenpreis;product-fee;Processed;Taxa cartao M&M;;;
05.04.23;05.04.23;-28,97;EUR;DECATHLON Deutschland;contactless;Processed;compras roupa;;;
05.04.23;06.04.23;-5,6;EUR;SumUp  *Biu Tea;contactless;Processed;restaurante;;;
05.04.23;05.04.23;-13,98;EUR;DECATHLON Deutschland;retail-store;Processed;compras roupa;;;
04.04.23;05.04.23;-20,98;EUR;AMZN Mktp DE*XN83F9UD5;e-commerce;Processed;amazon;;;
03.04.23;04.04.23;-3;EUR;Ihle Cafe Geiselbullac;contactless;Processed;Padaria;;;
03.04.23;05.04.23;-28,28;EUR;FUTALIS GMBH;transfer;Processed;Racao animais;;;
03.04.23;04.04.23;-20,9;EUR;SP BONO.DE;e-commerce;Processed;mercado;;;
02.04.23;03.04.23;-3,6;EUR;MCDONALDS0397;contactless;Processed;restaurante;;;
02.04.23;03.04.23;-73;EUR;Brauhaus Schoenbuch;contactless;Processed;restaurante;;;
02.04.23;03.04.23;-8,1;EUR;Ihle Cafe Geiselbullac;contactless;Processed;Padaria;;;
01.04.23;03.04.23;-3,95;EUR;La Pizza EnricoRossini;contactless;Processed;restaurante;;;
29.03.23;30.03.23;-23,55;EUR;Pommefreunde;contactless;Processed;restaurante;;;
28.03.23;29.03.23;-23,2;EUR;ALDI SUED;contactless;Processed;mercado;;;
28.03.23;30.03.23;-57,66;EUR;Aral Station 191474105;contactless;Processed;gasolina;;;
25.03.23;27.03.23;-3,2;EUR;Ihle Cafe Geiselbullac;contactless;Processed;Padaria;;;
24.03.23;27.03.23;-45;EUR;KatNi-Bistro;contactless;Processed;restaurante;;;
23.03.23;24.03.23;-8,99;EUR;Rosen-Apotheke Leiss;contactless;Processed;farmacia;;;
23.03.23;24.03.23;-19,59;EUR;Rossmann 1032;contactless;Processed;DM;;;
22.03.23;23.03.23;-36;EUR;AMAZON.DE*X41TX8XH5 WW;e-commerce;Processed;amazon;;;
21.03.23;22.03.23;-25,99;EUR;Fressnapf Fuerstenfel;contactless;Processed;Racao animais;;;
21.03.23;22.03.23;-13,02;EUR;UZR*Amper Apotheke Tho;contactless;Processed;farmacia;;;
21.03.23;22.03.23;-9,9;EUR;Rosen-Apotheke Leiss;contactless;Processed;farmacia;;;
21.03.23;21.03.23;-0,44;EUR;1,95% für Währungsumrechn;foreign-trx-fee;Processed;0;;;
20.03.23;21.03.23;-22,39;EUR;CHATGPT SUBSCRIPTION;e-commerce;Processed;ChatGPT;-23,8;USD;1.063.052
20.03.23;22.03.23;-13,89;EUR;AMZN Mktp DE*ET2XV91Q5;e-commerce;Processed;amazon;;;
20.03.23;21.03.23;-3,9;EUR;Ihle Cafe Geiselbullac;contactless;Processed;Padaria;;;
16.03.23;17.03.23;-2,99;EUR;APPLE.COM/BILL;e-commerce;Processed;Apple iCloud;;;
16.03.23;20.03.23;-10,39;EUR;APOTHEKE CENTER 2;contactless;Processed;farmacia;;;
14.03.23;15.03.23;-0,9;EUR;Ihle Cafe Geiselbullac;contactless;Processed;Padaria;;;
12.03.23;13.03.23;-24,15;EUR;AMZN Mktp DE*1R6JG52S4;e-commerce;Processed;amazon;;;
12.03.23;13.03.23;-1,79;EUR;MCDONALDS 00644;contactless;Processed;restaurante;;;
12.03.23;13.03.23;-7,6;EUR;Ihle Cafe Geiselbullac;contactless;Processed;Padaria;;;
11.03.23;13.03.23;-27,1;EUR;KatNi-Bistro;contactless;Processed;restaurante;;;
11.03.23;13.03.23;-6,79;EUR;DANKE BZO OLCHING GMBH;contactless;Processed;Baumarkt;;;
11.03.23;13.03.23;-4,6;EUR;Ihle Cafe Geiselbullac;contactless;Processed;Padaria;;;
10.03.23;13.03.23;-12,45;EUR;APOTHEKE CENTER 1;retail-store;Processed;farmacia;;;
09.03.23;10.03.23;625,89;EUR;Lastschrift;direct-debit;Processed;0;;;
09.03.23;09.03.23;-9,16;EUR;monatlicher Kartenpreis;product-fee;Processed;Taxa cartao M&M;;;
08.03.23;09.03.23;-7,99;EUR;APPLE.COM/BILL;e-commerce;Processed;Apple iCloud;;;
07.03.23;08.03.23;-23;EUR;VOGELHAUSBRAEU GMBH;contactless;Processed;restaurante;;;
06.03.23;07.03.23;-3;EUR;Rossmann 1032;contactless;Processed;DM;;;
06.03.23;07.03.23;-3,74;EUR;Rossmann 1032;contactless;Processed;DM;;;
05.03.23;06.03.23;-3,05;EUR;Ihle Cafe Geiselbullac;contactless;Processed;Padaria;;;
04.03.23;06.03.23;-32,89;EUR;REWE Markt GmbH ZW;contactless;Processed;mercado;;;
04.03.23;06.03.23;-77;EUR;Aral Station 191227008;contactless;Processed;gasolina;;;
03.03.23;06.03.23;-6,68;EUR;EDEKA OLCHING 826;contactless;Processed;mercado;;;
03.03.23;06.03.23;-12,85;EUR;REWE Markt GmbH ZW;contactless;Processed;mercado;;;
03.03.23;03.03.23;-0,09;EUR;1,95% für Währungsumrechn;foreign-trx-fee;Processed;0;;;
02.03.23;03.03.23;-78,47;EUR;REWE Markt GmbH ZW;contactless;Processed;mercado;;;
02.03.23;03.03.23;-4,73;EUR;WWW.MAKE.COM;e-commerce;Processed;0;-5;USD;105.805
01.03.23;02.03.23;-21,95;EUR;AMZN Mktp DE*1L3UD46Z4;e-commerce;Processed;amazon;;;
01.03.23;02.03.23;-40,44;EUR;Lidl Dienstleistung;contactless;Processed;mercado;;;
28.02.23;01.03.23;-7,46;EUR;REWE Olching Hauptstr.;contactless;Processed;mercado;;;
28.02.23;01.03.23;-20,23;EUR;Hutter Büro GmbH & Co.;contactless;Processed;livro;;;
27.02.23;24.02.23;1.389;EUR;Einzahlung;unknown;Processed;0;;;
21.02.23;21.02.23;-0,44;EUR;1,95% für Währungsumrechn;foreign-trx-fee;Processed;0;;;
20.02.23;21.02.23;-22,31;EUR;CHATGPT SUBSCRIPTION;e-commerce;Processed;ChatGPT;-23,8;USD;1.066.919
20.02.23;21.02.23;-13,32;EUR;Lidl Dienstleistung;contactless;Processed;mercado;;;
20.02.23;17.02.23;-1.371,70;EUR;Rücklastschrift;unknown;Processed;???;;;
19.02.23;21.02.23;-18,18;EUR;AMZN MKTP DE*132VV2BA4;e-commerce;Processed;amazon;;;
19.02.23;20.02.23;-25,98;EUR;home24 SE;e-commerce;Processed;compras casa;;;
19.02.23;20.02.23;-11,59;EUR;AMZN Mktp DE*131XT3HO4;e-commerce;Processed;amazon;;;
19.02.23;21.02.23;-36;EUR;AMAZON.DE*136N10694 WW;e-commerce;Processed;amazon;;;
18.02.23;21.02.23;-46,08;EUR;APOTHEKE CENTER 2;contactless;Processed;farmacia;;;
18.02.23;20.02.23;-10,07;EUR;MCDONALDS 1701;contactless;Processed;restaurante;;;
18.02.23;20.02.23;-11,19;EUR;AMZN Mktp DE*136GF6VF4;e-commerce;Processed;amazon;;;
18.02.23;20.02.23;-19,83;EUR;AMZN Mktp DE*130IW4VK4;e-commerce;Processed;amazon;;;
18.02.23;20.02.23;-1,95;EUR;Ihle Cafe Geiselbullac;contactless;Processed;Padaria;;;
17.02.23;20.02.23;-1;EUR;Ihle Cafe Geiselbullac;contactless;Processed;Padaria;;;
16.02.23;17.02.23;-2,99;EUR;APPLE.COM/BILL;e-commerce;Processed;Apple iCloud;;;
15.02.23;16.02.23;-11,04;EUR;Apoth. im Edeka-Center;contactless;Processed;farmacia;;;
14.02.23;15.02.23;-3,7;EUR;MÜNCHNER VERKEHRSGESEL;contactless;Processed;0;;;
13.02.23;13.02.23;-1;EUR;Ihle Cafe Geiselbullac;contactless;Processed;Padaria;;;
12.02.23;13.02.23;-7;EUR;PARKHAUS FLUGHAFEN;contactless;Processed;estacionamento;;;
12.02.23;13.02.23;-8,1;EUR;Ihle Cafe Geiselbullac;contactless;Processed;Padaria;;;
10.02.23;13.02.23;-16,99;EUR;AMZN Mktp DE*1Q2WY9SM4;e-commerce;Processed;amazon;;;
10.02.23;13.02.23;-17,9;EUR;KatNi-Bistro;contactless;Processed;restaurante;;;
10.02.23;10.02.23;-1;EUR;Ihle Cafe Geiselbullac;contactless;Processed;Padaria;;;
09.02.23;10.02.23;-1,8;EUR;BACKSTUBE WUENSCHE;contactless;Processed;Padaria;;;
09.02.23;09.02.23;-1;EUR;Ihle Cafe Geiselbullac;contactless;Processed;Padaria;;;
09.02.23;10.02.23;1.368,21;EUR;Lastschrift;direct-debit;Processed;0;;;
09.02.23;09.02.23;-9,16;EUR;monatlicher Kartenpreis;product-fee;Processed;Taxa cartao M&M;;;
08.02.23;09.02.23;-7,99;EUR;APPLE.COM/BILL;e-commerce;Processed;Apple iCloud;;;
08.02.23;14.02.23;-1;EUR;Ihle Cafe Geiselbullac;contactless;Processed;Padaria;;;
07.02.23;07.02.23;-130;EUR;Revolut**0211*;e-commerce;Processed;Revolut;;;
06.02.23;07.02.23;-8,37;EUR;MUELLER MH HANDELS GMB;contactless;Processed;DM;;;
06.02.23;08.02.23;-21,78;EUR;Rosen-Apotheke Leiss;contactless;Processed;farmacia;;;
06.02.23;10.01.23;89,88;EUR;ABOUTYOU.DE;deposit;Processed;compras roupa;;;
04.02.23;06.02.23;-4,99;EUR;APPLE.COM/BILL;e-commerce;Processed;Apple iCloud;;;
04.02.23;06.02.23;-410;EUR;Revolut**0211*;e-commerce;Processed;Revolut;;;
04.02.23;06.02.23;-220;EUR;Revolut**0211*;e-commerce;Processed;Revolut;;;
04.02.23;09.02.23;-14,95;EUR;APOTHEKE CENTER 2;contactless;Processed;farmacia;;;
03.02.23;06.02.23;-14;EUR;PARKHAUS FLUGHAFEN;contactless;Processed;estacionamento;;;
01.02.23;01.02.23;-2;EUR;Ihle Cafe Geiselbullac;retail-store;Processed;Padaria;;;
31.01.23;03.02.23;-2;EUR;Ihle Cafe Geiselbullac;contactless;Processed;Padaria;;;
31.01.23;01.02.23;-8,4;EUR;BACKSTUBE WUENSCHE;contactless;Processed;Padaria;;;
30.01.23;31.01.23;-9,15;EUR;Ihle Cafe Geiselbullac;contactless;Processed;Padaria;;;
30.01.23;31.01.23;-2;EUR;POLLUX GRUNDSTÜCKSGESE;contactless;Processed;0;;;
30.01.23;31.01.23;-68;EUR;Le Burger Muenchen;contactless;Processed;restaurante;;;
28.01.23;30.01.23;-4,4;EUR;Ihle Cafe Geiselbullac;contactless;Processed;Padaria;;;
27.01.23;30.01.23;-179,76;EUR;ABOUTYOU.DE;e-commerce;Processed;compras roupa;;;
25.01.23;27.01.23;-92,16;EUR;AMZN Mktp DE*1O3GB8NY4;e-commerce;Processed;amazon;;;
25.01.23;26.01.23;-27,9;EUR;Apoth. im Edeka-Center;contactless;Processed;farmacia;;;
24.01.23;25.01.23;-23,99;EUR;Fressnapf Puchheim;contactless;Processed;Racao animais;;;
23.01.23;24.01.23;-12;EUR;Hutter Büro GmbH & Co.;contactless;Processed;livro;;;
21.01.23;23.01.23;-6;EUR;Ihle Cafe Geiselbullac;contactless;Processed;Padaria;;;
20.01.23;23.01.23;-1;EUR;Ihle Cafe Geiselbullac;contactless;Processed;Padaria;;;
19.01.23;20.01.23;-10,48;EUR;Fressnapf Puchheim;retail-store;Processed;Racao animais;;;
18.01.23;19.01.23;-59,9;EUR;Quick Schuh;retail-store;Processed;compras roupa;;;
17.01.23;18.01.23;-2,4;EUR;Landbaeckerei Ihle;contactless;Processed;Padaria;;;
17.01.23;18.01.23;-3,7;EUR;MÜNCHNER VERKEHRSGESEL;contactless;Processed;0;;;
16.01.23;17.01.23;-2,99;EUR;APPLE.COM/BILL;e-commerce;Processed;Apple iCloud;;;
14.01.23;16.01.23;-73;EUR;Le Burger Muenchen;contactless;Processed;restaurante;;;
14.01.23;16.01.23;-6,4;EUR;Ihle Cafe Geiselbullac;contactless;Processed;Padaria;;;
13.01.23;16.01.23;-7,5;EUR;APOTHEKE CENTER 2;contactless;Processed;farmacia;;;
10.01.23;11.01.23;-5,36;EUR;BACKSTUBE WUENSCHE;contactless;Processed;Padaria;;;
10.01.23;11.01.23;-5,36;EUR;BACKSTUBE WUENSCHE;contactless;Processed;Padaria;;;
09.01.23;10.01.23;3.703,30;EUR;Lastschrift;direct-debit;Processed;0;;;
09.01.23;09.01.23;-0,99;EUR;1,95% für Währungsumrechn;foreign-trx-fee;Processed;0;;;
09.01.23;09.01.23;-0,07;EUR;1,95% für Währungsumrechn;foreign-trx-fee;Processed;0;;;
09.01.23;09.01.23;-0,41;EUR;1,95% für Währungsumrechn;foreign-trx-fee;Processed;0;;;
09.01.23;09.01.23;-1,29;EUR;1,95% für Währungsumrechn;foreign-trx-fee;Processed;0;;;
09.01.23;09.01.23;-0,24;EUR;1,95% für Währungsumrechn;foreign-trx-fee;Processed;0;;;
09.01.23;09.01.23;-0,02;EUR;1,95% für Währungsumrechn;foreign-trx-fee;Processed;0;;;
09.01.23;09.01.23;-0,11;EUR;1,95% für Währungsumrechn;foreign-trx-fee;Processed;0;;;
09.01.23;09.01.23;-0,17;EUR;1,95% für Währungsumrechn;foreign-trx-fee;Processed;0;;;
09.01.23;09.01.23;-0,06;EUR;1,95% für Währungsumrechn;foreign-trx-fee;Processed;0;;;
09.01.23;09.01.23;-0,1;EUR;1,95% für Währungsumrechn;foreign-trx-fee;Processed;0;;;
09.01.23;09.01.23;-0,19;EUR;1,95% für Währungsumrechn;foreign-trx-fee;Processed;0;;;
09.01.23;09.01.23;-9,16;EUR;monatlicher Kartenpreis;product-fee;Processed;Taxa cartao M&M;;;
06.01.23;09.01.23;-66,27;EUR;RESTAURACE 12;contactless;Processed;restaurante;-1.594;CZK;24.054
06.01.23;09.01.23;-0,83;EUR;PARKOVACI AUTOMAT;contactless;Processed;0;-20;CZK;24.054
06.01.23;09.01.23;-50,73;EUR;CS PRAHA  MOTOL;contactless;Processed;Ferias;-1.220,30;CZK;24.054
06.01.23;09.01.23;-8,64;EUR;Billa V Celnici 1031/4;contactless;Processed;Ferias;-207,73;CZK;24.054
06.01.23;09.01.23;-20,79;EUR;HRAD - ZLATA ULICKA;contactless;Processed;Ferias;-500;CZK;24.054
06.01.23;09.01.23;-4,99;EUR;TRHY PRAZSKY HRAD;contactless;Processed;0;-120;CZK;24.054
06.01.23;09.01.23;-12,06;EUR;MURANO;contactless;Processed;0;-290;CZK;24.054
06.01.23;09.01.23;-9,56;EUR;CREPINO s.r.o.;contactless;Processed;0;-230;CZK;24.054
06.01.23;09.01.23;-3,74;EUR;VANOCNI TRHY;contactless;Processed;0;-90;CZK;24.054
06.01.23;09.01.23;-5,82;EUR;31 SN Celetna stanek;contactless;Processed;0;-140;CZK;24.054
06.01.23;09.01.23;-3,1;EUR;Billa V Celnici 1031/4;contactless;Processed;Ferias;-74,48;CZK;24.054
06.01.23;06.01.23;-0,04;EUR;1,95% für Währungsumrechn;foreign-trx-fee;Processed;0;;;
06.01.23;06.01.23;-0,12;EUR;1,95% für Währungsumrechn;foreign-trx-fee;Processed;0;;;
06.01.23;06.01.23;-0,26;EUR;1,95% für Währungsumrechn;foreign-trx-fee;Processed;0;;;
06.01.23;06.01.23;-0,39;EUR;1,95% für Währungsumrechn;foreign-trx-fee;Processed;0;;;
06.01.23;06.01.23;-0,15;EUR;1,95% für Währungsumrechn;foreign-trx-fee;Processed;0;;;
05.01.23;06.01.23;-7,45;EUR;Billa V Celnici 1031/4;contactless;Processed;Ferias;-179,3;CZK;24.054
05.01.23;06.01.23;-20,12;EUR;BERTOLDI;contactless;Processed;Ferias;-484;CZK;24.054
05.01.23;06.01.23;-13,1;EUR;SBX Praha Quadrio;contactless;Processed;0;-315;CZK;24.054
05.01.23;06.01.23;-5,94;EUR;TSK PRAHA;contactless;Processed;0;-143;CZK;24.054
05.01.23;06.01.23;-2,29;EUR;VERY GOODIES SHELL;contactless;Processed;0;-55;CZK;24.054
03.01.23;04.01.23;-15,99;EUR;AMZN Mktp DE*163HO77E4;e-commerce;Processed;amazon;;;
03.01.23;06.01.23;-19,5;EUR;APOTHEKE CENTER 1;contactless;Processed;farmacia;;;
30.12.22;10.12.22;9,99;EUR;DECATHLON Deutschland;deposit;Processed;compras roupa;;;
29.12.22;30.12.22;-31,95;EUR;DECATHLON Deutschland;contactless;Processed;compras roupa;;;
29.12.22;30.12.22;-21,98;EUR;AMZN Mktp DE*164Y64GR4;e-commerce;Processed;amazon;;;
28.12.22;29.12.22;-16,99;EUR;Prime Video *164IU03H4;e-commerce;Processed;amazon;;;
28.12.22;30.12.22;-42,52;EUR;AMZN Mktp DE*163585GQ4;e-commerce;Processed;amazon;;;
25.12.22;28.12.22;-31,99;EUR;AMZN Mktp DE*162UV3LN4;e-commerce;Processed;amazon;;;
23.12.22;27.12.22;-1,5;EUR;CAFE Groebenzell;contactless;Processed;0;;;
22.12.22;23.12.22;-3;EUR;Ihle Cafe Geiselbullac;contactless;Processed;Padaria;;;
22.12.22;10.12.22;18,99;EUR;AMZ*JoyDaog Europe;deposit;Processed;amazon;;;
19.12.22;20.12.22;-10;EUR;TEDi Fil  4534;contactless;Processed;compras casa;;;
19.12.22;20.12.22;-90,44;EUR;MUELLER MH HANDELS GMB;contactless;Processed;DM;;;
16.12.22;20.12.22;-72,54;EUR;AMZN Mktp DE*1N00Q5JV4;e-commerce;Processed;amazon;;;
15.12.22;15.12.22;-97,96;EUR;DECATHLON Deutschland;contactless;Processed;compras roupa;;;
14.12.22;19.12.22;-21,36;EUR;APOTHEKE CENTER 2;contactless;Processed;farmacia;;;
14.12.22;14.12.22;-2.640;EUR;Revolut**0211*;e-commerce;Processed;Revolut;;;
13.12.22;14.12.22;-170;EUR;BAR TAPAS;contactless;Processed;restaurante;;;
11.12.22;12.12.22;-85;EUR;Revolut**0211*;e-commerce;Processed;Revolut;;;
10.12.22;12.12.22;-85,71;EUR;Lidl Dienstleistung;contactless;Processed;mercado;;;
09.12.22;12.12.22;-13,99;EUR;Prime Video *1W2K89YI4;e-commerce;Processed;amazon;;;
09.12.22;12.12.22;-5,33;EUR;Haiky Asian Food OEZ;contactless;Processed;0;;;
09.12.22;12.12.22;-5,33;EUR;Haiky Asian Food OEZ;contactless;Processed;0;;;
09.12.22;10.12.22;4.723,95;EUR;Lastschrift;direct-debit;Processed;0;;;
09.12.22;09.12.22;-9,16;EUR;monatlicher Kartenpreis;product-fee;Processed;Taxa cartao M&M;;;
03.12.22;05.12.22;-22,5;EUR;Contipark 09011190601;contactless;Processed;estacionamento;;;
03.12.22;05.12.22;-9,51;EUR;Lidl Dienstleistung;contactless;Processed;mercado;;;
02.12.22;05.12.22;-29,2;EUR;KatNi-Bistro;contactless;Processed;restaurante;;;
02.12.22;05.12.22;-3,99;EUR;REWE Filialen Voll;contactless;Processed;mercado;;;
02.12.22;05.12.22;-120;EUR;Revolut**0211*;e-commerce;Processed;Revolut;;;
30.11.22;01.12.22;-9,49;EUR;MCDONALDS 01753;contactless;Processed;restaurante;;;
30.11.22;01.12.22;-1.542;EUR;Revolut**0211*;e-commerce;Processed;Revolut;;;
30.11.22;30.11.22;-40;EUR;AMZN Mktp DE*1I2GF9SX4;retail-store;Processed;amazon;;;
29.11.22;30.11.22;-20,6;EUR;Restaurant Akropolis;contactless;Processed;restaurante;;;
29.11.22;30.11.22;-1.999;EUR;Revolut**0211*;e-commerce;Processed;Revolut;;;
29.11.22;30.11.22;-11,5;EUR;Ihle Cafe Geiselbullac;contactless;Processed;Padaria;;;
28.11.22;29.11.22;-9,95;EUR;DANKE DER BUCHLADEN;contactless;Processed;Livro;;;
28.11.22;29.11.22;-19,94;EUR;AMZN Mktp DE*1I31A98E4;e-commerce;Processed;amazon;;;
26.11.22;28.11.22;-13,74;EUR;EDEKA OLCHING 826;contactless;Processed;mercado;;;
26.11.22;28.11.22;-55;EUR;Revolut**0211*;e-commerce;Processed;Revolut;;;
26.11.22;28.11.22;-50;EUR;Revolut**0211*;e-commerce;Processed;Revolut;;;
26.11.22;28.11.22;-8,55;EUR;Ihle Cafe Geiselbullac;contactless;Processed;Padaria;;;
25.11.22;28.11.22;-61,95;EUR;AMZN Mktp DE*1I2O74AZ4;e-commerce;Processed;amazon;;;
24.11.22;25.11.22;-16,15;EUR;MUELLER MH HANDELS GMB;contactless;Processed;DM;;;
24.11.22;25.11.22;-10,56;EUR;EDEKA OLCHING 826;contactless;Processed;mercado;;;
24.11.22;25.11.22;-0,34;EUR;EDEKA OLCHING 826;contactless;Processed;mercado;;;
23.11.22;24.11.22;-1;EUR;Ihle Cafe Geiselbullac;contactless;Processed;Padaria;;;
22.11.22;23.11.22;-6,3;EUR;BACKSTUBE WUENSCHE;contactless;Processed;Padaria;;;
19.11.22;21.11.22;-28,27;EUR;MUELLER GMBH & CO.KG;contactless;Processed;DM;;;
19.11.22;21.11.22;-10,9;EUR;FAMILIENBÄCKEREI KISTE;contactless;Processed;Padaria;;;
19.11.22;21.11.22;-4,9;EUR;FAMILIENBÄCKEREI KISTE;contactless;Processed;Padaria;;;
19.11.22;21.11.22;-17,55;EUR;FAMILIENBÄCKEREI KISTE;contactless;Processed;Padaria;;;
17.11.22;21.11.22;-127,92;EUR;VBDEWEB;e-commerce;Processed;???;;;
16.11.22;17.11.22;-34,5;EUR;KatNi-Bistro;contactless;Processed;restaurante;;;
15.11.22;16.11.22;-17,15;EUR;EDEKA OLCHING 826;contactless;Processed;mercado;;;
14.11.22;15.11.22;-2,08;EUR;BACKSTUBE WUENSCHE;contactless;Processed;Padaria;;;
12.11.22;14.11.22;-38;EUR;KART PALAST FUNPARK;contactless;Processed;restaurante;;;
12.11.22;14.11.22;-1,93;EUR;DECATHLON Deutschland;contactless;Processed;compras roupa;;;
12.11.22;14.11.22;-90,9;EUR;REWE Markt GmbH ZW;contactless;Processed;mercado;;;
11.11.22;14.11.22;-124,51;EUR;DM-Drogerie Markt;contactless;Processed;DM;;;
10.11.22;11.11.22;-62,84;EUR;PAYBACK GmbH München;e-commerce;Processed;Payback;;;
10.11.22;11.11.22;-54,67;EUR;Lidl Dienstleistung;contactless;Processed;mercado;;;
10.11.22;11.11.22;-31,45;EUR;AMZN Mktp DE*W34P22AG5;e-commerce;Processed;amazon;;;
09.11.22;10.11.22;-5,95;EUR;ALDI SUED;contactless;Processed;mercado;;;
09.11.22;10.11.22;726,27;EUR;Lastschrift;direct-debit;Processed;0;;;
09.11.22;09.11.22;-9,16;EUR;monatlicher Kartenpreis;product-fee;Processed;Taxa cartao M&M;;;
08.11.22;09.11.22;-6,74;EUR;ALDI SUED;retail-store;Processed;mercado;;;
06.11.22;07.11.22;-25,47;EUR;BURGER KING KIRCHHEIM;contactless;Processed;restaurante;;;
05.11.22;07.11.22;-75,43;EUR;REWE Markt GmbH ZW;contactless;Processed;mercado;;;
05.11.22;07.11.22;-100,33;EUR;Lidl Dienstleistung;contactless;Processed;mercado;;;
05.11.22;07.11.22;-86,65;EUR;DM-Drogerie Markt;contactless;Processed;DM;;;
04.11.22;07.11.22;-167,5;EUR;Revolut**0211*;e-commerce;Processed;Revolut;;;
04.11.22;07.11.22;-37,99;EUR;AMZN Mktp DE*SJ9VS7HG5;e-commerce;Processed;amazon;;;
04.11.22;07.11.22;-0,34;EUR;REWE Markt GmbH ZW;contactless;Processed;mercado;;;
04.11.22;07.11.22;-16,66;EUR;APOTHEKE CENTER 2;contactless;Processed;farmacia;;;
03.11.22;04.11.22;-200;EUR;Revolut**0211*;e-commerce;Processed;Revolut;;;
28.10.22;29.10.22;162,82;EUR;Lastschrift;direct-debit;Processed;0;;;
28.10.22;28.10.22;-9,16;EUR;monatlicher Kartenpreis;product-first-fee;Processed;Taxa cartao M&M;;;
27.10.22;27.10.22;-48,15;EUR;Quick Schuh;unknown;Processed;compras roupa;;;
27.10.22;27.10.22;-68,15;EUR;DM-Drogerie Markt;unknown;Processed;DM;;;
27.10.22;27.10.22;-9,65;EUR;EC FUERSTENFELDBRUCK;unknown;Processed;0;;;
25.10.22;25.10.22;-23,81;EUR;Lidl Dienstleistung;unknown;Processed;mercado;;;
24.10.22;24.10.22;-3,9;EUR;Ihle Cafe Geiselbullac;unknown;Processed;Padaria;;;